{
  "HomePage" : {
    "transaction" : "HomePage",
    "sampleCount" : 5,
    "errorCount" : 5,
    "errorPct" : 100.0,
    "meanResTime" : 837.8,
    "medianResTime" : 687.0,
    "minResTime" : 675.0,
    "maxResTime" : 1373.0,
    "pct1ResTime" : 1373.0,
    "pct2ResTime" : 1373.0,
    "pct3ResTime" : 1373.0,
    "throughput" : 0.584316933504733,
    "receivedKBytesPerSec" : 14.135448317167231,
    "sentKBytesPerSec" : 0.06904526265046161
  },
  "CostPage" : {
    "transaction" : "CostPage",
    "sampleCount" : 5,
    "errorCount" : 0,
    "errorPct" : 0.0,
    "meanResTime" : 83.4,
    "medianResTime" : 83.0,
    "minResTime" : 82.0,
    "maxResTime" : 85.0,
    "pct1ResTime" : 85.0,
    "pct2ResTime" : 85.0,
    "pct3ResTime" : 85.0,
    "throughput" : 0.687757909215956,
    "receivedKBytesPerSec" : 9.779057771664375,
    "sentKBytesPerSec" : 0.12290986072902339
  },
  "Total" : {
    "transaction" : "Total",
    "sampleCount" : 15,
    "errorCount" : 5,
    "errorPct" : 33.333332,
    "meanResTime" : 346.26666666666665,
    "medianResTime" : 89.0,
    "minResTime" : 82.0,
    "maxResTime" : 1373.0,
    "pct1ResTime" : 1009.4000000000002,
    "pct2ResTime" : 1373.0,
    "pct3ResTime" : 1373.0,
    "throughput" : 1.70261066969353,
    "receivedKBytesPerSec" : 36.997973715947786,
    "sentKBytesPerSec" : 0.2726837400681044
  },
  "AvailablePage" : {
    "transaction" : "AvailablePage",
    "sampleCount" : 5,
    "errorCount" : 0,
    "errorPct" : 0.0,
    "meanResTime" : 117.6,
    "medianResTime" : 89.0,
    "minResTime" : 83.0,
    "maxResTime" : 169.0,
    "pct1ResTime" : 169.0,
    "pct2ResTime" : 169.0,
    "pct3ResTime" : 169.0,
    "throughput" : 0.6805498843065196,
    "receivedKBytesPerSec" : 18.225311989587585,
    "sentKBytesPerSec" : 0.12494470532190009
  }
}